City_ID,City,Country,Lat,Lng,Max Temp,Humidity,Cloudiness,Wind Speed,Weather Description
0,Upernavik,GL,72.7868,-56.1549,-12.42,93,100,6.53,overcast clouds
1,Esperance,AU,-33.8667,121.9,66.49,50,53,18.86,broken clouds
2,Mataura,NZ,-46.1927,168.8643,72.97,48,3,4.99,clear sky
3,Nikolskoye,RU,59.7035,30.7861,33.8,97,100,11.3,light snow
4,Buala,SB,-8.145,159.5921,80.69,83,100,10.29,moderate rain
5,Vaini,TO,-21.2,-175.2,84.36,74,40,4.61,scattered clouds
6,Port Alfred,ZA,-33.5906,26.891,81.18,72,86,12.73,overcast clouds
7,Puerto Ayora,EC,-0.7393,-90.3518,74.55,97,48,1.01,scattered clouds
8,Hermanus,ZA,-34.4187,19.2345,73.8,86,96,2.68,overcast clouds
9,Ushuaia,AR,-54.8,-68.3,56.86,62,0,3.44,clear sky
10,Georgetown,MY,5.4112,100.3354,89.55,52,20,8.05,few clouds
11,Tuktoyaktuk,CA,69.4541,-133.0374,5.0,85,100,9.22,light snow
12,Kirkland Lake,CA,48.1446,-80.0377,28.45,98,100,4.85,light snow
13,Rikitea,PF,-23.1203,-134.9692,78.98,70,99,6.17,overcast clouds
14,Yellowknife,CA,62.456,-114.3525,12.72,92,100,3.44,light snow
15,Namatanai,PG,-3.6667,152.4333,82.94,70,100,8.21,overcast clouds
16,Faanui,PF,-16.4833,-151.75,80.26,75,24,9.93,light rain
17,Saint George,US,37.1041,-113.5841,39.43,82,75,5.75,broken clouds
18,Curup,ID,-3.4667,102.5333,75.22,85,90,0.78,overcast clouds
19,Jinka,ET,5.65,36.65,74.7,27,81,3.53,broken clouds
20,Hilo,US,19.7297,-155.09,73.62,90,100,3.44,overcast clouds
21,Kruisfontein,ZA,-34.0033,24.7314,84.22,50,99,2.59,overcast clouds
22,Saint-Joseph,RE,-21.3667,55.6167,82.78,78,99,15.08,light rain
23,East London,ZA,-33.0153,27.9116,76.14,94,20,4.61,few clouds
24,El Cobre,CU,20.0489,-75.9469,69.24,73,20,4.61,few clouds
25,Superior,US,46.7208,-92.1041,31.89,82,100,9.22,overcast clouds
26,Tiksi,RU,71.6872,128.8694,-24.32,100,100,5.21,overcast clouds
27,Empalme,MX,27.9667,-110.8167,51.93,49,0,6.13,clear sky
28,Vardo,NO,70.3705,31.1107,22.98,86,20,31.07,few clouds
29,Tierra Colorada,MX,17.1667,-99.5833,70.99,92,77,1.14,broken clouds
30,Grindavik,IS,63.8424,-22.4338,18.07,67,20,6.91,few clouds
31,Makushino,RU,55.2103,67.2442,9.19,79,36,8.01,scattered clouds
32,Kapoeta,SS,4.7717,33.5903,83.57,26,86,10.76,overcast clouds
33,Palu,ID,-0.8917,119.8707,86.45,74,93,3.27,overcast clouds
34,Ancud,CL,-41.8697,-73.8203,52.72,90,98,3.42,overcast clouds
35,Lethem,GY,3.3803,-59.7968,74.19,79,98,8.48,light rain
36,Lamar,US,33.6668,-95.5836,62.64,82,0,8.05,clear sky
37,Torbay,CA,47.6666,-52.7314,47.28,97,100,14.97,light rain
38,Bambous Virieux,MU,-20.3428,57.7575,83.21,78,75,17.27,light rain
39,Ilulissat,GL,69.2167,-51.1,-27.42,79,89,6.71,overcast clouds
40,Luwingu,ZM,-10.2621,29.9271,61.29,98,100,3.44,moderate rain
41,Kodiak,US,57.79,-152.4072,29.71,80,75,5.75,broken clouds
42,Dauphin,CA,51.1494,-100.0502,-5.66,77,0,3.44,clear sky
43,Booue,GA,-0.0921,11.9385,73.53,91,93,0.81,overcast clouds
44,Bluff,NZ,-46.6,168.3333,59.76,75,1,13.09,clear sky
45,Baykit,RU,61.67,96.37,-29.56,94,30,1.14,scattered clouds
46,Abu Samrah,SY,35.3029,37.1841,50.79,82,40,4.92,scattered clouds
47,Punta Arenas,CL,-53.15,-70.9167,55.51,71,75,14.97,broken clouds
48,Kalabo,ZM,-14.97,22.6814,65.88,93,100,3.22,light rain
49,Aklavik,CA,68.2191,-135.0107,-16.73,98,100,0.69,overcast clouds
50,Zaterechnyy,RU,44.7931,45.2097,34.81,82,71,9.82,broken clouds
51,Batemans Bay,AU,-35.7167,150.1833,73.09,76,84,6.17,moderate rain
52,Mar Del Plata,AR,-38.0023,-57.5575,71.62,97,40,15.01,mist
53,Dikson,RU,73.5069,80.5464,-11.52,71,100,10.76,overcast clouds
54,Aracataca,CO,10.5918,-74.1898,74.68,75,9,4.9,clear sky
55,Hobart,AU,-42.8794,147.3294,71.46,50,40,19.57,scattered clouds
56,Newport,GB,51.5877,-2.9984,38.82,89,56,10.16,broken clouds
57,Cape Town,ZA,-33.9258,18.4232,77.11,65,0,16.11,clear sky
58,Pemangkat,ID,1.1667,108.9667,82.94,71,83,13.58,broken clouds
59,Busselton,AU,-33.65,115.3333,78.94,32,74,5.73,broken clouds
60,Ringebu,NO,61.5167,10.1667,20.28,96,100,4.05,overcast clouds
61,Albany,US,42.6001,-73.9662,35.67,88,100,2.19,overcast clouds
62,Qaanaaq,GL,77.484,-69.3632,-19.62,87,90,6.31,overcast clouds
63,Pouebo,NC,-20.4,164.5667,73.08,93,100,17.76,overcast clouds
64,College,US,64.8569,-147.8028,-9.42,78,0,0.0,clear sky
65,Ukiah,US,39.1502,-123.2078,44.1,90,0,3.44,clear sky
66,Saint Pete Beach,US,27.7253,-82.7412,63.18,84,0,4.61,clear sky
67,Paka,MY,4.6374,103.4368,84.13,70,40,10.36,scattered clouds
68,Bathsheba,BB,13.2167,-59.5167,77.61,73,40,12.66,scattered clouds
69,Laguna,US,38.421,-121.4238,45.32,90,0,0.0,clear sky
70,Northam,GB,51.0333,-4.2167,39.61,81,14,21.83,few clouds
71,Naze,JP,28.3667,129.4833,58.12,69,92,15.19,overcast clouds
72,Sagua De Tanamo,CU,20.5819,-75.2414,63.7,85,1,3.96,clear sky
73,Bengkulu,ID,-3.8004,102.2655,83.43,67,82,8.84,broken clouds
74,Lebu,CL,-37.6167,-73.65,54.54,92,37,10.38,scattered clouds
75,Kargasok,RU,59.0556,80.8572,8.26,94,100,7.09,light snow
76,Adjuntas,PR,18.1585,-66.8018,63.66,82,0,4.07,clear sky
77,Santa Cruz De Tenerife,ES,28.4682,-16.2546,62.62,86,100,17.27,overcast clouds
78,Severo-Kurilsk,RU,50.6789,156.125,15.85,61,100,21.94,light snow
79,Haines Junction,CA,60.7522,-137.5108,10.96,98,98,2.42,overcast clouds
80,Kaspiysk,RU,42.8816,47.6392,39.38,93,100,4.47,overcast clouds
81,Natal,BR,-5.795,-35.2094,74.05,94,40,4.61,scattered clouds
82,Ialibu,PG,-6.2821,143.9935,64.27,89,100,4.41,light rain
83,Tanete,ID,-3.9443,119.7848,88.5,58,33,9.01,light rain
84,Praia Da Vitoria,PT,38.7333,-27.0667,53.85,82,75,10.0,broken clouds
85,Mersing,MY,2.4312,103.8405,84.11,74,40,13.8,scattered clouds
86,Coihaique,CL,-45.5752,-72.0662,55.35,62,0,8.05,clear sky
87,Kapaa,US,22.0752,-159.319,75.52,84,75,5.75,broken clouds
88,Benjamin Constant,BR,-4.3831,-70.0311,77.13,99,100,2.19,overcast clouds
89,Hithadhoo,MV,-0.6,73.0833,81.01,66,3,5.1,clear sky
90,Valparaiso,CL,-33.0393,-71.6273,62.47,100,0,0.0,clear sky
91,Berlevag,NO,70.8578,29.0864,28.4,68,34,5.75,scattered clouds
92,Lorengau,PG,-2.0226,147.2712,84.54,63,93,4.68,overcast clouds
93,Butaritari,KI,3.0707,172.7902,81.57,78,61,21.0,broken clouds
94,Carnarvon,AU,-24.8667,113.6333,88.14,54,20,20.49,few clouds
95,Airai,TL,-8.9266,125.4092,70.39,75,100,4.03,overcast clouds
96,New Norfolk,AU,-42.7826,147.0587,63.91,53,46,4.0,scattered clouds
97,Samarai,PG,-10.6167,150.6667,83.8,75,94,7.43,overcast clouds
98,Carauari,BR,-4.8828,-66.8958,72.05,98,100,2.08,overcast clouds
99,Castro,BR,-24.7911,-50.0119,63.37,98,100,3.29,overcast clouds
100,San Juan,AR,-31.5375,-68.5364,74.84,57,86,9.86,overcast clouds
101,Ouro Preto Do Oeste,BR,-10.7481,-62.2158,70.38,98,98,1.45,overcast clouds
102,Jamestown,US,42.097,-79.2353,38.01,72,100,14.97,mist
103,Matara,LK,5.9485,80.5353,84.54,61,86,11.88,overcast clouds
104,Mount Gambier,AU,-37.8333,140.7667,60.91,52,68,13.62,broken clouds
105,Khatanga,RU,71.9667,102.5,-29.97,99,49,5.79,scattered clouds
106,Colac,AU,-38.3333,143.5833,62.17,53,85,13.94,overcast clouds
107,West Helena,US,34.5507,-90.6418,58.75,95,99,6.98,overcast clouds
108,Fortuna,US,40.5982,-124.1573,44.94,89,84,5.99,broken clouds
109,Arraial Do Cabo,BR,-22.9661,-42.0278,73.45,93,0,18.48,clear sky
110,Belaya Gora,RU,68.5333,146.4167,-36.2,99,100,1.19,overcast clouds
111,Kez,RU,57.8979,53.7152,10.18,92,100,6.35,overcast clouds
112,Kununurra,AU,-15.7667,128.7333,80.58,89,89,8.05,moderate rain
113,Policoro,IT,40.2115,16.6726,59.99,53,2,11.01,clear sky
114,Guntakal,IN,15.1667,77.3833,80.2,35,37,9.57,scattered clouds
115,Port Elizabeth,ZA,-33.918,25.5701,76.32,99,99,9.22,overcast clouds
116,Puerto Carreno,CO,6.189,-67.4859,75.88,73,97,5.7,overcast clouds
117,Sitka,US,57.0531,-135.33,37.29,81,75,9.22,light rain
118,Ankang,CN,32.68,109.0172,43.16,40,75,1.92,broken clouds
119,Saint-Augustin,CA,51.226,-58.6502,34.7,100,100,10.09,light snow
120,Balkanabat,TM,39.5108,54.3671,37.8,39,8,6.11,clear sky
121,Saskylakh,RU,71.9167,114.0833,-22.61,100,98,6.58,overcast clouds
122,Barrow,US,71.2906,-156.7887,-7.58,77,100,20.71,light snow
123,Jerantut,MY,3.936,102.3626,85.62,57,94,3.58,overcast clouds
124,Acarau,BR,-2.8856,-40.12,76.68,85,81,10.47,broken clouds
125,Thompson,CA,55.7435,-97.8558,14.16,85,100,2.3,light snow
126,Avarua,CK,-21.2078,-159.775,80.65,74,75,9.22,light rain
127,Kon Tum,VN,14.35,108.0,70.84,68,94,6.58,overcast clouds
128,Los Llanos De Aridane,ES,28.6585,-17.9182,60.55,55,100,6.91,overcast clouds
129,Monteagudo,BO,-19.8167,-63.9833,64.85,77,62,2.3,broken clouds
130,Hvolsvollur,IS,63.7533,-20.2243,8.89,82,4,9.71,clear sky
131,Merke,KZ,42.8728,73.1786,25.23,73,5,3.36,clear sky
132,Kutum,SD,14.2,24.6667,58.39,29,100,4.16,overcast clouds
133,Ribeira Grande,PT,38.5167,-28.7,54.77,84,18,5.99,few clouds
134,Waipawa,NZ,-41.4122,175.5153,61.81,75,36,7.02,scattered clouds
135,Ternate,ID,0.8,127.4,83.88,71,88,7.09,heavy intensity rain
136,Urengoy,RU,65.9667,78.3667,-7.87,96,100,13.31,overcast clouds
137,Lasa,IT,46.6166,10.7002,30.02,94,86,2.93,overcast clouds
138,Turayf,SA,31.6725,38.6637,39.45,87,0,3.44,clear sky
139,Asyut,EG,27.181,31.1837,44.78,50,0,3.96,clear sky
140,Provideniya,RU,64.3833,-173.3,-17.19,84,2,7.31,clear sky
141,Anadyr,RU,64.75,177.4833,-17.9,69,0,17.9,clear sky
142,Atuona,PF,-9.8,-139.0333,78.8,76,14,21.39,light rain
143,Zabol,AF,32.25,67.25,30.47,55,100,7.94,light snow
144,Nikel,RU,69.4128,30.222,15.98,96,71,6.04,broken clouds
145,Bentiu,SS,9.2333,29.8333,76.05,17,75,8.25,broken clouds
146,Gurupa,BR,-1.405,-51.64,71.53,98,100,2.51,overcast clouds
147,Uyemskiy,RU,64.4743,40.8524,6.58,97,84,6.67,broken clouds
148,Banff,CA,51.1762,-115.5698,31.23,80,88,5.75,overcast clouds
149,Aksu,CN,41.1231,80.2644,13.44,68,3,3.85,clear sky
150,Shelburne,CA,44.0787,-80.2041,36.05,98,100,14.7,overcast clouds
151,Bredasdorp,ZA,-34.5322,20.0403,72.81,85,100,2.64,overcast clouds
152,Okhotsk,RU,59.3833,143.3,-10.61,97,100,8.08,overcast clouds
153,Matay,EG,28.419,30.7792,53.29,55,0,5.1,clear sky
154,Nanortalik,GL,60.1432,-45.2371,24.53,86,100,5.75,overcast clouds
155,Alofi,NU,-19.0595,-169.9187,84.09,79,96,4.61,light rain
156,Kalemie,CD,-5.9475,29.1947,68.61,89,100,4.34,overcast clouds
157,Saint-Philippe,RE,-21.3585,55.7679,83.79,84,100,15.5,light rain
158,Chokurdakh,RU,70.6333,147.9167,-35.43,100,43,3.78,scattered clouds
159,Khuzhir,RU,53.1939,107.3397,5.92,67,88,16.87,overcast clouds
160,Honningsvag,NO,70.9821,25.9704,28.15,74,0,23.02,clear sky
161,Nome,US,64.5011,-165.4064,-2.13,71,100,11.5,overcast clouds
162,Santo Antonio Do Monte,BR,-20.0872,-45.2936,62.4,91,5,3.78,clear sky
163,Portland,US,45.5234,-122.6762,47.8,86,100,10.0,overcast clouds
164,Salta,AR,-24.7859,-65.4117,75.79,63,75,4.61,broken clouds
165,Mundo Nuevo,MX,18.7,-95.5,75.96,73,98,13.98,overcast clouds
166,Makubetsu,JP,45.3714,141.8211,20.91,68,75,25.32,broken clouds
167,Dumas,US,35.8656,-101.9732,44.53,81,0,6.91,clear sky
168,Pevek,RU,69.7008,170.3133,-35.27,100,70,3.83,broken clouds
169,Kazanlak,BG,42.6167,25.4,47.25,89,68,8.59,broken clouds
170,Thunder Bay,CA,48.4001,-89.3168,22.98,74,100,11.5,overcast clouds
171,Axim,GH,4.8699,-2.2405,78.04,84,41,5.12,scattered clouds
172,Vao,NC,-22.6667,167.4833,75.83,68,100,17.07,overcast clouds
173,Katobu,ID,-4.9408,122.5276,88.02,61,75,1.99,broken clouds
174,Tasiilaq,GL,65.6145,-37.6368,10.56,68,59,7.74,broken clouds
175,Knysna,ZA,-34.0363,23.0471,77.38,78,90,1.54,overcast clouds
176,Saldanha,ZA,-33.0117,17.9442,64.45,91,99,11.83,overcast clouds
177,Tuatapere,NZ,-46.1333,167.6833,65.86,63,0,6.82,clear sky
178,Gotsu,JP,35.0,132.2167,44.73,65,100,7.58,overcast clouds
179,Maniitsoq,GL,65.4167,-52.9,-0.13,70,53,9.98,broken clouds
180,Klyuchi,RU,52.2667,79.1667,6.66,89,11,6.73,few clouds
181,Chicama,PE,-7.8447,-79.1469,66.74,72,21,2.86,few clouds
182,Port Blair,IN,11.6667,92.75,82.44,57,75,10.36,haze
183,Ostrovnoy,RU,68.0531,39.5131,25.23,92,25,21.16,scattered clouds
184,Beringovskiy,RU,63.05,179.3167,-20.56,90,61,11.21,broken clouds
185,Yeppoon,AU,-23.1333,150.7333,85.78,73,35,19.15,scattered clouds
186,Maragogi,BR,-9.0122,-35.2225,76.95,83,100,6.76,overcast clouds
187,Conversion,PH,15.8984,121.1277,77.05,74,92,8.55,overcast clouds
188,Cherskiy,RU,68.75,161.3,-47.78,99,70,4.47,broken clouds
189,Dwarka,IN,22.2394,68.9678,72.23,36,3,12.93,clear sky
190,Katsuura,JP,35.1333,140.3,52.48,44,80,6.42,broken clouds
191,Narsaq,GL,60.9167,-46.05,12.42,72,100,5.44,overcast clouds
192,Sulam,IL,32.6061,35.3341,55.96,76,4,1.81,clear sky
193,Norman Wells,CA,65.282,-126.8329,-11.16,77,20,2.3,few clouds
194,Srednekolymsk,RU,67.45,153.6833,-39.39,98,99,5.7,overcast clouds
195,Cockburn Town,TC,21.4612,-71.1419,75.52,59,37,15.46,scattered clouds
196,Marsa Matruh,EG,31.3525,27.2453,50.2,87,0,6.91,clear sky
197,Brooks,CA,50.5834,-111.8851,21.18,91,37,2.3,scattered clouds
198,Flinders,AU,-34.5833,150.8552,80.19,74,60,4.0,broken clouds
199,Mount Pleasant,US,32.7941,-79.8626,59.09,90,100,3.44,mist
200,Ilhabela,BR,-23.7781,-45.3581,74.35,91,76,1.59,broken clouds
201,Ponta Do Sol,PT,32.6667,-17.1,60.71,67,63,9.13,broken clouds
202,Leningradskiy,RU,69.3833,178.4167,-17.86,93,96,13.15,overcast clouds
203,Karratha,AU,-20.7377,116.8463,89.38,51,31,12.66,scattered clouds
204,Roald,NO,62.5833,6.1333,37.76,80,40,5.75,scattered clouds
205,Kahului,US,20.8947,-156.47,75.85,81,20,5.75,few clouds
206,Sooke,CA,48.3746,-123.7276,46.65,96,100,2.01,overcast clouds
207,Tall Kayf,TR,37.0833,41.0667,44.94,75,4,6.91,clear sky
208,Cairns,AU,-16.9167,145.7667,81.07,94,75,5.75,light intensity shower rain
209,Bismarck,US,46.8083,-100.7837,17.44,86,100,4.61,mist
210,Dicabisagan,PH,17.0818,122.4157,73.29,89,100,10.71,overcast clouds
211,Souillac,MU,-20.5167,57.5167,80.98,78,75,17.27,light rain
212,Benghazi,LY,32.1167,20.0667,59.38,67,5,20.71,clear sky
213,Manokwari,ID,-0.8667,134.0833,78.71,82,100,8.84,light rain
214,Timon,BR,-5.0942,-42.8367,73.18,94,100,4.61,moderate rain
215,Mufumbwe,ZM,-13.6833,24.8,64.27,95,100,3.76,overcast clouds
216,Repnoye,RU,51.5921,43.1861,24.01,92,100,14.43,overcast clouds
217,Longyearbyen,SJ,78.2186,15.6401,12.04,62,0,10.36,clear sky
218,Ulaanbaatar,MN,47.9077,106.8832,3.33,66,40,0.0,scattered clouds
219,Kirkkonummi,FI,60.1238,24.4385,36.18,100,100,12.84,overcast clouds
220,Bud,US,39.447,-86.1758,39.9,86,31,7.52,scattered clouds
221,Pisco,PE,-13.7,-76.2167,69.85,83,0,8.05,clear sky
222,Barra Patuca,HN,15.8,-84.2833,73.47,84,4,9.01,clear sky
223,Asau,RO,46.4333,26.4,40.28,81,75,8.28,broken clouds
224,Saint-Leu,RE,-21.15,55.2833,84.31,69,99,5.35,overcast clouds
225,Manali,IN,13.1667,80.2667,80.69,55,60,9.75,broken clouds
226,Libertador General San Martin,AR,-23.8064,-64.7876,79.03,46,80,3.09,broken clouds
227,Shihezi,CN,44.3,86.0333,4.95,87,6,4.56,clear sky
228,Shahgarh,IN,24.3167,79.1333,66.42,19,0,4.74,clear sky
229,Codrington,AU,-38.2667,141.9667,58.87,60,100,18.3,overcast clouds
230,Puerto Colombia,CO,10.9878,-74.9547,78.89,83,17,21.47,few clouds
231,Hasaki,JP,35.7333,140.8333,57.29,57,54,9.64,broken clouds
232,Skibbereen,IE,51.55,-9.2667,40.1,75,63,21.27,light rain
233,Eureka,US,40.8021,-124.1637,45.21,91,90,3.0,overcast clouds
234,Hofn,IS,64.2539,-15.2082,24.78,60,0,22.77,clear sky
235,Nuevo Laredo,MX,27.4763,-99.5164,70.07,73,0,6.91,clear sky
236,Byron Bay,AU,-28.65,153.6167,81.72,55,0,8.63,clear sky
237,Colatina,BR,-19.5394,-40.6306,70.47,97,19,1.39,few clouds
238,San Patricio,US,28.017,-97.5169,72.07,78,98,12.64,overcast clouds
239,Constitucion,CL,-35.3333,-72.4167,54.39,72,2,5.53,clear sky
240,Sao Miguel,BR,-5.4667,-35.3667,74.17,83,94,10.09,overcast clouds
241,Mayskiy,RU,47.6931,40.1025,31.41,92,99,12.44,overcast clouds
242,Paita,PE,-5.0892,-81.1144,70.11,76,89,8.14,overcast clouds
243,Afonso Claudio,BR,-20.0742,-41.1239,67.71,97,44,1.66,scattered clouds
244,Bodden Town,KY,19.2833,-81.25,74.93,77,4,15.05,clear sky
245,Sur,OM,22.5667,59.5289,76.69,49,4,9.04,clear sky
246,Minab,IR,27.1467,57.0801,65.5,79,99,4.16,light rain
247,Gweru,ZW,-19.45,29.8167,68.2,76,73,5.77,broken clouds
248,Goure,NE,13.9835,10.2704,56.41,31,0,9.17,clear sky
249,Ystad,SE,55.4297,13.8204,36.34,77,17,17.47,few clouds
250,Snasa,NO,64.2457,12.3778,33.21,86,100,7.96,overcast clouds
251,Leshukonskoye,RU,64.8989,45.7622,5.02,98,77,5.12,broken clouds
252,Katherine,AU,-14.4667,132.2667,93.52,49,97,9.22,overcast clouds
253,Lagoa,PT,39.05,-27.9833,56.21,68,0,9.48,clear sky
254,Talnakh,RU,69.4865,88.3972,-28.28,84,69,8.63,broken clouds
255,Clearwater,US,27.9659,-82.8001,63.09,84,0,7.0,clear sky
256,Nampa,US,43.5407,-116.5635,34.48,80,0,8.05,clear sky
257,Kochevo,RU,59.5994,54.3125,14.65,95,99,7.18,overcast clouds
258,Lavrentiya,RU,65.5833,-171.0,-22.2,93,19,9.57,few clouds
259,Ballina,AU,-28.8667,153.5667,81.79,62,0,9.51,clear sky
260,Constantine,DZ,36.365,6.6147,51.21,62,20,16.11,few clouds
261,Kaitangata,NZ,-46.2817,169.8464,61.97,75,5,9.15,clear sky
262,Grand Gaube,MU,-20.0064,57.6608,83.37,71,99,15.01,overcast clouds
263,Iqaluit,CA,63.7506,-68.5145,-7.31,69,100,0.0,light snow
264,Victor Harbor,AU,-35.5667,138.6167,64.0,67,97,3.0,overcast clouds
265,Cagliliog,PH,13.9016,123.2913,75.9,93,100,13.44,moderate rain
266,Pangody,RU,65.85,74.4859,2.7,96,98,9.17,light snow
267,Tarapur,IN,19.85,72.7,77.11,34,3,1.48,clear sky
268,Zhaotong,CN,27.3167,103.7167,36.25,48,84,2.24,broken clouds
269,Muisne,EC,0.6,-80.0333,75.33,84,100,8.39,overcast clouds
270,Litovko,RU,49.2361,135.1742,-2.9,79,6,3.15,clear sky
271,Porto Novo,BJ,6.4965,2.6036,76.82,88,56,3.02,broken clouds
272,Choszczno,PL,53.169,15.4205,29.23,88,100,4.65,overcast clouds
273,Ndele,CF,8.4109,20.6473,71.42,26,100,6.35,overcast clouds
274,Ust-Ordynskiy,RU,52.805,104.7508,-5.13,87,99,18.79,overcast clouds
275,Ranong,TH,9.9658,98.6348,87.73,55,54,3.18,broken clouds
276,Urupes,BR,-21.2017,-49.29,70.93,89,90,4.25,overcast clouds
277,Guerrero Negro,MX,27.9769,-114.0611,57.56,59,20,15.21,few clouds
278,Vytegra,RU,61.0064,36.4481,31.46,89,100,14.0,overcast clouds
279,Namtsy,RU,62.7161,129.6658,-53.52,97,99,1.39,overcast clouds
280,Along,IN,28.1667,94.7667,69.28,39,16,0.74,few clouds
281,Ginir,ET,7.1333,40.7,64.99,32,44,4.07,scattered clouds
282,Carutapera,BR,-1.195,-46.02,73.33,94,98,4.18,overcast clouds
283,Yarmouth,US,41.7057,-70.2286,44.96,79,100,9.22,overcast clouds
284,Chuy,UY,-33.6971,-53.4616,67.53,82,0,7.76,clear sky
285,Palmer,US,42.1584,-72.3287,40.26,71,100,3.44,overcast clouds
286,Redlands,US,34.0556,-117.1825,46.26,79,0,4.61,clear sky
287,Lompoc,US,34.6391,-120.4579,47.12,87,0,6.91,clear sky
288,Englewood,US,39.6478,-104.9878,29.64,90,100,10.36,mist
289,Kuusamo,FI,65.9667,29.1833,24.84,93,100,14.97,overcast clouds
290,Darhan,MN,49.4867,105.9228,6.42,90,100,1.86,light snow
291,Buzmeyin,TM,38.0507,58.2056,26.33,80,20,0.0,mist
292,Borogontsy,RU,62.6683,131.1683,-50.84,97,100,1.61,overcast clouds
293,Kavaratti,IN,10.5669,72.642,80.51,72,72,11.05,broken clouds
294,Kavieng,PG,-2.5744,150.7967,82.02,72,100,5.06,overcast clouds
295,Richards Bay,ZA,-28.783,32.0377,82.06,64,97,13.91,overcast clouds
296,Okha,RU,53.5739,142.9478,-23.44,90,85,9.42,overcast clouds
297,Visby,SE,57.6409,18.296,36.05,93,20,9.22,few clouds
298,Zmeinogorsk,RU,51.1567,82.195,7.14,93,95,7.16,overcast clouds
299,Korsakov,RU,46.6328,142.7813,13.84,74,96,19.82,overcast clouds
300,Zhigansk,RU,66.7697,123.3711,-55.5,97,69,3.74,broken clouds
301,Ongandjera,NA,-17.8833,15.0667,68.29,83,100,8.34,moderate rain
302,Cullera,ES,39.1667,-0.25,46.96,62,37,11.99,scattered clouds
303,Bacolod,PH,10.6667,122.95,82.31,79,94,12.86,overcast clouds
304,Nanakuli,US,21.3906,-158.1547,78.75,78,0,4.61,clear sky
305,Hobyo,SO,5.3505,48.5268,80.47,61,69,19.91,broken clouds
306,Kalaiya,NP,27.0327,85.0022,66.16,42,0,5.23,clear sky
307,Clyde River,CA,70.4692,-68.5914,-21.77,76,75,11.5,broken clouds
308,San Cristobal,VE,7.7669,-72.225,68.18,88,44,0.76,scattered clouds
309,Ciudad Bolivar,VE,8.1222,-63.5497,74.55,74,95,9.22,overcast clouds
310,Antofagasta,CL,-23.65,-70.4,67.28,83,28,2.46,scattered clouds
311,Saint-Pierre,RE,-21.3393,55.4781,84.9,70,20,32.21,few clouds
312,Kampene,CD,-3.6,26.6667,69.53,96,99,2.86,overcast clouds
313,Menongue,AO,-14.6585,17.691,63.88,95,100,6.93,light rain
314,Broome,US,42.2506,-75.833,41.54,91,100,4.61,light rain
315,Cabo San Lucas,MX,22.8909,-109.9124,68.5,74,81,8.63,broken clouds
316,Lithakia,GR,37.7167,20.8333,58.37,77,53,22.35,broken clouds
317,Si Sa Ket,TH,14.8333,104.3333,87.26,44,65,8.57,broken clouds
318,Pacific Grove,US,36.6177,-121.9166,47.88,87,0,1.99,clear sky
319,Dingle,PH,10.9995,122.6711,81.99,81,100,10.22,overcast clouds
320,Sakakah,SA,29.9697,40.2064,44.17,55,0,2.62,clear sky
321,Karpogory,RU,64.0019,44.4451,6.04,97,69,5.53,broken clouds
322,Belmonte,BR,-15.8631,-38.8828,74.43,88,8,2.55,clear sky
323,Wanning,CN,18.8003,110.3967,66.79,72,93,14.5,overcast clouds
324,Ashtabula,US,41.7001,-80.7665,39.85,93,100,18.41,mist
325,Luderitz,NA,-26.6481,15.1594,66.15,85,87,2.68,overcast clouds
326,Soyo,AO,-6.1349,12.3689,78.66,86,98,5.5,light rain
327,Goderich,CA,43.7501,-81.7165,38.91,93,100,13.8,overcast clouds
328,Geraldton,AU,-28.7667,114.6,95.41,26,0,23.02,clear sky
329,Polunochnoye,RU,60.8697,60.4153,14.97,87,100,4.7,overcast clouds
330,Waddan,LY,29.1614,16.139,50.34,35,0,7.34,clear sky
331,Carballo,ES,43.213,-8.691,42.51,86,99,11.34,overcast clouds
332,Marawi,PH,7.9986,124.2928,76.3,85,96,4.79,overcast clouds
333,Aasiaat,GL,68.7098,-52.8699,-22.65,90,80,10.74,broken clouds
334,Yuzhne,UA,46.6221,31.1013,47.77,85,99,27.56,overcast clouds
335,Tawau,MY,4.2498,117.8871,87.93,70,100,7.0,overcast clouds
336,Alyangula,AU,-13.8483,136.4192,85.77,70,100,10.71,light rain
337,Lisakovsk,KZ,52.5369,62.4936,0.03,71,1,5.53,clear sky
338,Luis Correia,BR,-2.8792,-41.6669,76.44,84,99,11.41,overcast clouds
339,Rio Gallegos,AR,-51.6226,-69.2181,57.25,62,0,5.75,clear sky
340,Esil,KZ,51.9556,66.4042,3.25,69,13,4.68,few clouds
341,Ahipara,NZ,-35.1667,173.1667,67.77,77,14,8.63,few clouds
342,Olafsvik,IS,64.8945,-23.7142,23.27,72,84,11.36,broken clouds
343,Marrakesh,MA,31.6315,-8.0083,50.07,76,20,8.05,few clouds
344,Ha Giang,VN,22.8333,104.9833,57.27,61,100,3.22,overcast clouds
345,Kaeo,NZ,-35.1,173.7833,72.32,71,85,0.47,overcast clouds
346,Great Falls,US,47.5002,-111.3008,34.41,79,20,12.66,few clouds
347,San Lawrenz,MT,36.0553,14.204,60.85,78,41,1.99,scattered clouds
348,Baculin,PH,7.4525,126.5842,82.45,76,75,4.83,broken clouds
349,Ponta Delgada,PT,37.7333,-25.6667,54.32,71,20,9.22,few clouds
350,Elban,RU,50.1018,136.5094,-9.4,92,99,4.34,overcast clouds
351,Khanino,RU,54.211,36.6229,33.91,94,100,14.5,overcast clouds
352,Mahebourg,MU,-20.4081,57.7,83.25,78,75,17.27,light rain
353,Ozuluama,MX,21.6667,-97.85,67.51,97,100,5.32,overcast clouds
354,Sept-Iles,CA,50.2001,-66.3821,34.32,91,100,5.75,overcast clouds
355,Bac Lieu,VN,9.285,105.7244,85.3,58,51,2.42,broken clouds
356,Rio Grande,BR,-32.035,-52.0986,73.0,71,27,13.47,scattered clouds
357,Cayenne,GF,4.9333,-52.3333,73.44,94,75,0.0,broken clouds
358,Taunggyi,MM,20.7833,97.0333,72.66,21,0,7.18,clear sky
359,Xinqing,CN,48.2333,129.5,2.73,80,99,3.76,overcast clouds
360,Tukrah,LY,32.5341,20.5791,56.57,58,8,22.08,clear sky
361,Ruteng,ID,-8.6136,120.4721,69.12,86,98,1.83,overcast clouds
362,Krasnoselkup,RU,65.7,82.4667,-14.53,83,100,14.97,overcast clouds
363,Lufilufi,WS,-13.8745,-171.5986,83.98,74,64,5.53,light rain
364,Qujing,CN,25.4833,103.7833,44.82,72,100,11.95,overcast clouds
365,Bethel,US,41.3712,-73.414,41.65,64,40,0.0,scattered clouds
366,Puerto Ayacucho,VE,5.6639,-67.6236,73.65,84,90,3.56,overcast clouds
367,Aswan,EG,24.0934,32.907,49.3,57,0,6.91,clear sky
368,Ouadda,CF,8.0777,22.4007,67.91,26,67,4.9,broken clouds
369,Tautira,PF,-17.7333,-149.15,79.72,80,14,10.31,light rain
370,Vila Franca Do Campo,PT,37.7167,-25.4333,54.01,77,16,7.74,few clouds
371,Gat,IL,31.61,34.7642,56.39,64,0,3.44,clear sky
372,Tessalit,ML,20.1986,1.0114,59.86,18,37,7.43,scattered clouds
373,Sao Felix Do Xingu,BR,-6.6447,-51.995,69.46,98,100,1.57,overcast clouds
374,Deputatskiy,RU,69.3,139.9,-34.82,100,93,2.04,overcast clouds
375,Nuuk,GL,64.1835,-51.7216,4.96,96,98,13.96,overcast clouds
376,Cabedelo,BR,-6.9811,-34.8339,75.87,82,85,9.42,overcast clouds
377,Kholmogory,RU,64.2229,41.656,6.31,99,91,4.83,overcast clouds
378,Cervo,ES,43.6702,-7.4101,46.99,65,100,17.45,overcast clouds
379,Amazar,RU,53.858,120.875,-13.36,86,100,2.75,overcast clouds
380,Ust-Tsilma,RU,65.441,52.1498,9.0,96,52,5.41,broken clouds
381,Opuwo,NA,-18.0607,13.84,67.91,82,100,1.97,light rain
382,Chifeng,CN,42.2683,118.9636,25.02,43,86,18.68,overcast clouds
383,Camacha,PT,33.0833,-16.3333,56.62,67,75,16.11,broken clouds
384,Te Anau,NZ,-45.4167,167.7167,75.31,49,14,3.83,few clouds
385,Maumere,ID,-8.6199,122.2111,83.16,75,60,5.1,broken clouds
386,San Andres,CO,12.5847,-81.7006,78.82,83,40,5.75,light rain
387,Kresttsy,RU,58.2452,32.5165,34.41,98,100,10.87,overcast clouds
388,Sao Filipe,CV,14.8961,-24.4956,75.94,60,46,10.94,scattered clouds
389,Cap Malheureux,MU,-19.9842,57.6142,83.46,71,98,15.01,overcast clouds
390,Port Lincoln,AU,-34.7333,135.8667,64.24,55,61,20.02,broken clouds
391,Puri,IN,19.8,85.85,77.52,65,35,7.65,scattered clouds
392,Challapata,BO,-18.9,-66.7667,47.16,63,86,3.69,overcast clouds
393,Klaksvik,FO,62.2266,-6.589,32.92,68,99,31.72,light snow
394,Kloulklubed,PW,7.0419,134.2556,84.7,76,83,11.7,broken clouds
395,Mezen,RU,65.8522,44.24,12.34,96,82,7.67,broken clouds
396,Huangchuan,CN,32.1272,115.0394,44.65,33,26,4.0,scattered clouds
397,Sorland,NO,67.667,12.6934,37.26,63,100,20.94,overcast clouds
398,Avera,US,33.194,-82.5271,58.51,95,97,5.5,overcast clouds
399,Goedereede,NL,51.8175,3.9806,39.97,86,64,16.67,broken clouds
400,Praia,CV,14.9215,-23.5087,72.14,83,0,23.02,clear sky
401,Pantai Remis,MY,4.4557,100.6288,87.82,59,86,5.88,overcast clouds
402,Baghdad,IQ,33.3406,44.4009,48.11,100,0,10.36,clear sky
403,Fort Dodge,US,42.4975,-94.168,30.81,93,100,5.75,overcast clouds
404,Tilichiki,RU,60.4667,166.1,-4.41,96,100,8.21,overcast clouds
405,Sola,VU,-13.8833,167.55,79.99,84,100,26.26,moderate rain
406,Araouane,ML,18.9048,-3.5265,65.03,18,97,7.58,overcast clouds
407,Moose Factory,CA,51.2585,-80.6094,21.2,86,100,12.66,light snow
408,Mastic Beach,US,40.7668,-72.8521,42.98,79,100,14.0,overcast clouds
409,Yoichi,JP,43.2039,140.7703,26.01,70,100,19.1,overcast clouds
410,Pointe-Noire,CG,-4.7761,11.8635,78.39,84,99,2.86,overcast clouds
411,Mutoko,ZW,-17.397,32.2268,65.43,87,100,5.39,overcast clouds
412,Buritizeiro,BR,-17.3511,-44.9622,67.87,91,77,1.36,broken clouds
413,Koplik,AL,42.2136,19.4364,59.38,80,100,21.45,overcast clouds
414,Dunmore Town,BS,25.5,-76.65,71.71,59,8,6.93,clear sky
415,Jonkoping,SE,57.7814,14.1562,34.39,93,75,13.8,broken clouds
416,Santa Isabel Do Rio Negro,BR,-0.4139,-65.0192,70.86,99,100,2.71,overcast clouds
417,Hambantota,LK,6.1241,81.1185,82.74,78,40,17.27,light rain
418,Fairbanks,US,64.8378,-147.7164,-9.9,83,46,1.79,scattered clouds
419,General Roca,AR,-39.0333,-67.5833,70.47,65,98,9.89,light rain
420,Fort Nelson,CA,58.8053,-122.7002,4.95,90,100,2.3,mist
421,Nyurba,RU,63.2842,118.3319,-54.09,98,96,0.34,overcast clouds
422,Bollnas,SE,61.3482,16.3946,34.54,99,100,5.75,light snow
423,Merritt Island,US,28.5392,-80.672,56.05,76,0,5.61,clear sky
424,Luanda,AO,-8.8368,13.2343,78.8,89,40,4.61,scattered clouds
425,Aniche,FR,50.33,3.2535,29.98,83,94,6.55,overcast clouds
426,Ogrezeni,RO,44.4197,25.7683,45.64,81,77,2.71,broken clouds
427,Dunedin,NZ,-45.8742,170.5036,59.81,83,27,4.0,scattered clouds
428,Aykhal,RU,66.0,111.5,-45.02,99,99,5.7,overcast clouds
429,Russell,US,32.3502,-85.1999,58.28,100,100,0.0,fog
430,Manta,EC,-0.95,-80.7333,74.84,76,94,8.61,overcast clouds
431,Snyder,US,32.7179,-100.9176,59.34,47,100,12.66,overcast clouds
432,Auki,SB,-8.7676,160.7034,81.23,83,97,9.91,heavy intensity rain
433,Darovskoy,RU,58.77,47.9564,16.56,88,100,9.44,overcast clouds
434,Kuloy,RU,61.0305,42.4925,24.37,93,100,9.6,overcast clouds
435,Virginia Beach,US,36.8529,-75.978,52.02,93,40,14.97,scattered clouds
436,Grand-Santi,GF,4.25,-54.3833,70.21,100,100,1.97,overcast clouds
437,Yuanping,CN,38.7153,112.7575,26.15,36,1,3.27,clear sky
438,Sawakin,SD,19.1059,37.3321,70.47,67,79,13.24,broken clouds
439,Dinajpur,BD,25.6272,88.6386,71.33,32,0,4.0,clear sky
440,Prainha,BR,-1.8,-53.48,72.09,99,100,0.22,overcast clouds
441,Merauke,ID,-8.4667,140.3333,85.89,71,90,13.62,overcast clouds
442,Henties Bay,NA,-22.116,14.2845,68.0,83,85,5.79,overcast clouds
443,Westport,US,41.1415,-73.3579,43.56,68,97,4.0,overcast clouds
444,Arkhipovka,RU,56.6629,41.2543,23.41,85,100,11.39,overcast clouds
445,Paamiut,GL,61.994,-49.6678,20.17,65,100,8.01,overcast clouds
446,Beira,MZ,-19.8436,34.8389,82.49,74,40,3.44,light rain
447,North Ogden,US,41.3072,-111.9602,30.83,88,97,5.39,overcast clouds
448,Victoria,HK,22.2855,114.1577,65.03,57,65,8.99,broken clouds
449,Qasigiannguit,GL,68.8193,-51.1922,-26.27,74,18,6.22,few clouds
450,Bandarbeyla,SO,9.4942,50.8122,77.49,66,54,16.49,broken clouds
451,Bilibino,RU,68.0546,166.4372,-27.98,96,25,3.15,scattered clouds
452,Vostok,RU,46.4856,135.8833,-2.2,82,82,6.13,broken clouds
453,Bonfim,BR,3.0833,-59.95,74.68,78,93,5.21,overcast clouds
454,Savinka,RU,50.0785,47.0994,21.67,86,66,10.27,broken clouds
455,Santa Fe,AR,-31.6333,-60.7,88.0,37,83,13.0,light rain
456,Ipora,BR,-16.4419,-51.1178,67.95,91,83,1.01,broken clouds
457,Mehamn,NO,71.0357,27.8492,28.35,80,0,11.5,clear sky
458,Hamilton,US,39.1834,-84.5333,42.1,83,15,5.01,few clouds
459,Mukhen,RU,48.1,136.1,-2.54,70,24,7.43,few clouds
460,Taltal,CL,-25.4,-70.4833,66.27,83,3,1.9,clear sky
461,Faya,SA,18.3851,42.4509,52.32,70,59,5.23,broken clouds
462,Pimentel,PE,-6.8367,-79.9342,70.09,78,0,10.36,clear sky
463,Kansk,RU,56.2017,95.7175,-19.5,87,13,2.57,few clouds
464,Isabela,PH,6.7085,121.9711,87.85,72,80,4.07,broken clouds
465,Puerto Gaitan,CO,4.3133,-72.0816,77.63,58,100,5.37,overcast clouds
466,Kamsack,CA,51.5667,-101.9009,4.86,97,100,5.21,overcast clouds
467,Marzuq,YE,14.4,46.4667,72.3,31,7,3.56,clear sky
468,Vangaindrano,MG,-23.35,47.6,79.27,77,50,6.67,light rain
469,Aksarayskiy,RU,46.7924,48.0119,24.55,62,2,8.48,clear sky
470,Kirakira,SB,-10.4544,161.9205,80.82,85,99,10.83,overcast clouds
471,Almora,IN,29.6167,79.6667,58.06,26,51,0.72,broken clouds
472,Liverpool,GB,53.4106,-2.9779,38.08,92,40,2.3,scattered clouds
473,The Valley,AI,18.217,-63.0578,76.86,78,11,15.26,few clouds
474,Magnor,SE,59.9511,12.1996,31.73,99,100,3.67,light snow
475,Port Augusta,AU,-32.5,137.7667,77.22,54,87,22.84,overcast clouds
476,Bonavista,CA,48.6499,-53.1147,37.15,100,100,10.89,light rain
477,Sharon,US,41.2331,-80.4934,40.75,87,97,11.88,overcast clouds
478,Tres Palos,MX,18.1833,-101.6167,62.38,87,17,2.93,few clouds
479,Djambala,CG,-2.5447,14.7533,68.65,82,82,2.86,broken clouds
480,Katubao,PH,5.8892,124.8294,91.38,79,97,5.28,overcast clouds
481,Vestmannaeyjar,IS,63.4427,-20.2734,21.4,76,0,18.79,clear sky
482,Mount Isa,AU,-20.7333,139.5,92.97,36,75,12.66,broken clouds
483,Vrangel,RU,42.7297,133.0839,19.45,32,0,4.43,clear sky
484,Sao Joao Da Barra,BR,-21.6403,-41.0511,74.01,92,3,9.46,clear sky
485,Indramayu,ID,-6.3264,108.32,81.9,77,100,11.74,overcast clouds
486,Sinnamary,GF,5.3833,-52.95,75.56,82,97,5.66,overcast clouds
487,Selfoss,IS,63.9331,-20.9971,3.04,84,10,8.14,clear sky
488,Simbahan,PH,6.3032,120.5836,81.23,75,100,6.31,overcast clouds
489,Petropavlovsk-Kamchatskiy,RU,53.0452,158.6483,12.79,41,0,17.9,clear sky
490,Taoudenni,ML,22.6783,-3.9836,62.24,23,96,2.53,overcast clouds
491,Capitao Poco,BR,-1.7464,-47.0594,70.63,98,100,3.8,overcast clouds
492,Mayumba,GA,-3.432,10.6554,77.36,86,94,3.74,overcast clouds
493,Khandyga,RU,62.6667,135.6,-54.11,98,100,1.03,overcast clouds
494,Mugur-Aksy,RU,50.35,90.5,8.17,76,58,7.52,broken clouds
495,Waingapu,ID,-9.6567,120.2641,84.52,71,78,6.55,broken clouds
496,Loandjili,CG,-4.7561,11.8578,78.37,84,99,2.86,overcast clouds
497,Coro,VE,11.4045,-69.6734,74.28,86,40,9.62,scattered clouds
498,Verkhnevilyuysk,RU,63.4453,120.3167,-54.8,99,84,1.19,broken clouds
499,Tamworth,GB,52.634,-1.6959,34.02,92,94,10.56,overcast clouds
500,Half Moon Bay,US,37.4636,-122.4286,50.31,88,75,0.0,broken clouds
501,Lincoln,US,40.8,-96.667,30.9,85,100,5.99,overcast clouds
502,Petrozavodsk,RU,61.7849,34.3469,29.66,100,100,6.71,light snow
503,Pervomayskoye,RU,43.919,46.7102,39.65,74,23,8.93,few clouds
504,Omsukchan,RU,62.5333,155.8,-31.61,97,100,5.55,overcast clouds
505,Visnes,NO,59.3556,5.2242,33.82,86,40,3.44,scattered clouds
506,Snezhnogorsk,RU,69.1933,33.2531,-0.62,98,39,9.28,scattered clouds
507,Safford,US,32.834,-109.7076,42.12,80,20,4.97,few clouds
508,Cabra,ES,37.4725,-4.4421,39.65,91,96,14.97,overcast clouds
509,Sumbe,AO,-11.2061,13.8437,77.47,80,97,7.02,overcast clouds
510,San Pedro,PH,14.35,121.0167,83.43,76,75,10.36,broken clouds
511,Touros,BR,-5.1989,-35.4608,77.95,81,86,10.27,overcast clouds
512,Cidreira,BR,-30.1811,-50.2056,73.63,86,98,10.92,overcast clouds
513,Lishu,CN,43.3047,124.3278,21.25,37,41,19.42,scattered clouds
514,Moscow,RU,55.7522,37.6156,32.63,94,100,12.75,overcast clouds
515,Salalah,OM,17.0151,54.0924,74.48,59,65,1.86,broken clouds
516,Fare,PF,-16.7,-151.0167,80.82,74,2,12.24,light rain
517,Helong,CN,42.5397,128.9972,22.28,42,0,1.72,clear sky
518,El Dorado,US,38.7666,-120.5177,34.59,91,41,7.67,scattered clouds
519,Yulara,AU,-25.2406,130.9889,99.16,24,8,14.74,clear sky
520,Amasya,TR,40.6667,35.8333,35.28,72,41,5.26,scattered clouds
521,Siguiri,GN,11.6667,-9.5,67.66,18,16,3.67,few clouds
522,Oneonta,US,42.4529,-75.0638,41.81,90,100,4.12,moderate rain
523,Kaka,TM,37.3482,59.6143,32.34,54,100,3.65,overcast clouds
524,Candido Mendes,BR,-1.4467,-45.7167,71.91,96,91,2.73,overcast clouds
525,Biak,ID,-0.9131,122.8766,82.2,73,97,2.35,overcast clouds
526,Sabha,LY,27.0377,14.4283,49.95,39,0,11.61,clear sky
527,Pringsewu,ID,-5.3582,104.9744,82.36,77,95,0.94,overcast clouds
528,Creel,MX,27.75,-107.6333,36.0,90,78,17.13,broken clouds
529,Prince George,CA,53.9166,-122.753,40.44,70,100,13.8,overcast clouds
530,Port Hardy,CA,50.6996,-127.4199,44.78,87,100,29.93,light rain
531,Shimoda,JP,34.6667,138.95,52.16,59,65,5.53,broken clouds
532,Yavaros,MX,26.7,-109.5167,55.45,70,15,5.44,few clouds
533,Hokitika,NZ,-42.7167,170.9667,67.6,70,11,7.92,few clouds
534,Weiswampach,LU,50.1372,6.075,25.63,94,100,5.06,overcast clouds
535,Rock Sound,BS,24.9,-76.2,72.95,57,2,8.3,clear sky
536,Domoni,KM,-12.2569,44.5319,80.71,80,100,4.36,light rain
537,Mogadishu,SO,2.0371,45.3438,76.87,83,0,13.8,clear sky
538,Almeirim,BR,-1.5233,-52.5817,72.43,96,100,0.31,light rain
539,Kaminoyama,JP,38.1539,140.2736,44.91,79,100,5.12,overcast clouds
540,Malartic,CA,48.1335,-78.1328,26.71,97,100,3.38,overcast clouds
541,Kingman,US,35.1894,-114.053,42.26,78,89,1.01,overcast clouds
542,Alugan,PH,12.2188,125.4808,81.0,81,100,4.94,light rain
543,Havre-Saint-Pierre,CA,50.2334,-63.5986,35.96,100,100,6.91,overcast clouds
544,Zunyi,CN,27.6867,106.9072,36.9,78,99,1.28,overcast clouds
545,Lulea,SE,65.5842,22.1547,30.27,100,75,12.66,light snow
546,Morondava,MG,-20.2833,44.2833,84.2,63,47,4.72,scattered clouds
547,Nizhnevartovsk,RU,60.9344,76.5531,3.22,92,0,8.95,clear sky
548,Awjilah,LY,29.1081,21.2869,53.13,50,0,10.74,clear sky
549,Mwinilunga,ZM,-11.7358,24.4293,60.89,98,100,3.18,overcast clouds
550,Jumla,NP,29.2747,82.1838,48.9,10,1,5.26,clear sky
551,San Quintin,MX,30.4833,-115.95,54.59,71,12,10.85,few clouds
552,San Rafael,AR,-34.6177,-68.3301,68.81,68,73,4.03,broken clouds
553,Coahuayana,MX,18.7333,-103.6833,64.15,84,91,3.71,overcast clouds
554,Nouadhibou,MR,20.931,-17.0347,60.78,72,97,17.27,overcast clouds
555,Cururupu,BR,-1.8283,-44.8683,73.0,94,70,2.44,broken clouds
556,Pontianak,ID,-0.0333,109.3333,89.58,59,75,8.05,broken clouds
557,Bolshevik,BY,54.0065,27.5692,35.22,99,100,8.77,light snow
558,Homer,US,59.6425,-151.5483,33.76,93,100,8.01,light snow
559,La Asuncion,VE,11.0333,-63.8628,76.73,88,32,6.91,scattered clouds
